,Shipment,Customer,Department,Store,Order,Product
0,-0.10996194767375855,-0.006341433927335562,-0.0005758245374509626,-0.00811687272601869,-0.013566783872085087,0.000260088794342312
