,Shipment,Customer,Department,Store,Order,Product
0,-0.09165812421464144,-0.0037738566693705277,0.027998461866729288,-0.009641402980595605,-0.013192519582604093,-0.002507333162121981
