,Shipment,Customer,Department,Store,Order,Product
0,2.9648685902971867,0.026174078749459265,0.034138577731607334,-0.009965542199811881,-0.1358991175910695,-0.012924487512779427
